,DATE,미국 내구재 주문,미국 비농업 고용자수,미국 비농업 급여,미국 소비율,미국 소비자 물가 상승률,미국 신규 실업수당 청구건수,미국 신규주택착공,미국 신규주택판매 지수,미국 실업률,"미국 항공기 제외, 비국방 자본재 주문",컨퍼런스보드 소비자 심리지수,Close
180,2007-02-01,223217.0,137573.0,137573,9546.8,204.226,2569250.0,1480.0,828.0,4.5,63882.0,111.2,1434.89421
181,2007-03-01,229902.0,137810.0,137810,9585.1,205.28799999999998,2519000.0,1495.0,833.0,4.4,66935.0,108.2,1431.760004
182,2007-04-01,231627.0,137860.0,137860,9615.7,205.90400000000002,2496000.0,1490.0,887.0,4.5,66049.0,106.3,1517.115728
183,2007-05-01,228551.0,138012.0,138012,9651.3,206.755,2447750.0,1415.0,842.0,4.4,64811.0,108.5,1614.943342
184,2007-06-01,229061.0,138088.0,138088,9667.3,207.234,2482000.0,1448.0,793.0,4.6,64999.0,105.3,1754.2840030000002
185,2007-07-01,234576.0,138055.0,138055,9709.6,207.60299999999998,2542250.0,1354.0,778.0,4.7,65147.0,111.9,1911.5590530000002
186,2007-08-01,234833.0,138032.0,138032,9753.9,207.667,2553000.0,1330.0,699.0,4.6,66192.0,105.0,1815.0199969999999
187,2007-09-01,226029.0,138114.0,138114,9797.9,208.547,2537200.0,1183.0,686.0,4.7,65178.0,99.5,1879.033541
188,2007-10-01,229287.0,138190.0,138190,9827.0,209.19,2561750.0,1264.0,727.0,4.7,65144.0,95.2,2004.551369
189,2007-11-01,231388.0,138299.0,138299,9897.8,210.834,5178500.0,1197.0,641.0,4.7,65239.0,183.0,3929.392268
190,2007-12-01,242350.0,138409.0,138409,9908.4,211.445,6854800.0,1037.0,619.0,5.0,68163.0,271.6,6706.577203
191,2008-01-01,239668.0,138422.0,138422,9930.0,212.174,11367250.0,1084.0,627.0,5.0,68229.0,359.5,7219.485446
192,2008-02-01,234718.0,138340.0,138340,9913.4,212.687,2844250.0,1103.0,593.0,4.9,66452.0,76.4,1689.533895
193,2008-03-01,232240.0,138292.0,138292,9959.4,213.44799999999998,2912800.0,1005.0,535.0,5.1,66337.0,65.9,1651.1542789999999
194,2008-04-01,230662.0,138056.0,138056,9996.8,213.942,2964000.0,1013.0,536.0,5.0,69555.0,62.8,1776.577148
195,2008-05-01,230680.0,137872.0,137872,10053.8,215.208,3013600.0,973.0,504.0,5.4,68572.0,58.1,1844.804543
196,2008-06-01,228442.0,137706.0,137706,10107.9,217.463,3057750.0,1046.0,487.0,5.6,67759.0,51.0,1761.7000039999998
197,2008-07-01,220810.0,137508.0,137508,10104.7,219.016,3176250.0,923.0,477.0,5.8,67754.0,51.9,1569.599567
198,2008-08-01,216342.0,137229.0,137229,10094.7,218.69,3378000.0,844.0,435.0,6.1,66479.0,58.5,1539.1952310000001
199,2008-09-01,211692.0,136769.0,136769,10043.5,218.877,3521750.0,820.0,433.0,6.1,63556.0,61.4,1447.989102
200,2008-10-01,192688.0,136288.0,136288,9960.3,216.995,3731000.0,777.0,393.0,6.5,59439.0,38.0,1211.172172
201,2008-11-01,182787.0,135561.0,135561,9820.8,213.153,7081400.0,652.0,389.0,6.8,60513.0,82.9,2466.792984
202,2008-12-01,172687.0,134857.0,134857,9730.7,211.398,13374000.0,560.0,377.0,7.3,55732.0,121.5,3260.945201
203,2009-01-01,155015.0,134074.0,134074,9783.8,211.933,15560400.0,490.0,336.0,7.8,49523.0,159.2,5103.83419
204,2009-02-01,146293.0,133332.0,133332,9766.0,212.705,5297000.0,582.0,372.0,8.3,50247.0,25.3,1139.745483
205,2009-03-01,144866.0,132529.0,132529,9718.5,212.495,5765750.0,505.0,339.0,8.7,48959.0,26.9,1140.454543
206,2009-04-01,145613.0,131835.0,131835,9724.8,212.709,6184500.0,478.0,337.0,9.0,47043.0,40.8,1322.098178
207,2009-05-01,150082.0,131491.0,131491,9748.9,213.02200000000002,6525600.0,540.0,376.0,9.4,48777.0,54.8,1400.497899
208,2009-06-01,146586.0,131026.0,131026,9806.9,214.79,6534250.0,585.0,393.0,9.5,50508.0,49.3,1395.243181
209,2009-07-01,155213.0,130685.0,130685,9841.7,214.726,6139000.0,594.0,411.0,9.5,51053.0,47.4,1460.033044
210,2009-08-01,158266.0,130501.0,130501,9961.0,215.445,6047800.0,586.0,418.0,9.6,50126.0,54.5,1577.907134
211,2009-09-01,157059.0,130259.0,130259,9883.4,215.861,5984750.0,585.0,386.0,9.8,52991.0,53.4,1659.446822
212,2009-10-01,163669.0,130061.0,130061,9931.9,216.50900000000001,5765600.0,534.0,396.0,10.0,52061.0,48.7,1630.6128509999999
213,2009-11-01,160032.0,130073.0,130073,9940.5,217.234,12667500.0,588.0,375.0,9.9,52778.0,99.3,3213.290469
214,2009-12-01,159766.0,129804.0,129804,9998.9,217.347,17809250.0,581.0,352.0,9.9,54427.0,152.9,4859.9276119999995
215,2010-01-01,182084.0,129807.0,129807,10001.8,217.488,19086400.0,614.0,345.0,9.8,52365.0,209.4,6785.081494
216,2010-02-01,177621.0,129715.0,129715,10030.6,217.28099999999998,4793750.0,604.0,336.0,9.8,53386.0,46.0,1598.956325
217,2010-03-01,179916.0,129895.0,129895,10089.1,217.35299999999998,4731750.0,636.0,381.0,9.9,56130.0,52.3,1665.504078
218,2010-04-01,186063.0,130132.0,130132,10112.9,217.403,4728000.0,687.0,422.0,9.9,52604.0,57.7,1730.2868260000002
219,2010-05-01,186327.0,130666.0,130666,10131.0,217.29,4674800.0,583.0,280.0,9.6,57162.0,62.7,1648.299997
220,2010-06-01,187821.0,130530.0,130530,10151.4,217.199,4583250.0,536.0,305.0,9.4,59728.0,54.3,1691.208566
221,2010-07-01,190184.0,130442.0,130442,10184.7,217.605,4528600.0,546.0,283.0,9.4,56453.0,51.0,1731.122725
222,2010-08-01,191625.0,130437.0,130437,10228.2,217.923,4461250.0,599.0,282.0,9.5,58633.0,53.2,1762.1836440000002
223,2010-09-01,200257.0,130373.0,130373,10249.0,218.275,4467750.0,594.0,317.0,9.5,59839.0,48.5,1815.7494600000002
224,2010-10-01,194567.0,130642.0,130642,10304.7,219.035,4363400.0,543.0,291.0,9.4,57751.0,49.9,1889.697138
225,2010-11-01,196177.0,130765.0,130765,10354.7,219.59,9649750.0,545.0,287.0,9.8,60426.0,104.2,3728.359081
226,2010-12-01,194518.0,130839.0,130839,10392.1,220.472,13749750.0,539.0,326.0,9.3,61858.0,157.5,5730.863165
227,2011-01-01,203534.0,130859.0,130859,10435.5,221.187,14918200.0,630.0,307.0,9.1,60696.0,222.3,8095.371402
228,2011-02-01,195611.0,131072.0,131072,10470.1,221.898,3849250.0,517.0,270.0,9.0,59049.0,72.0,2003.108822
229,2011-03-01,210937.0,131304.0,131304,10550.5,223.046,3765500.0,600.0,300.0,9.0,62057.0,63.8,2002.6690839999999
230,2011-04-01,201546.0,131625.0,131625,10587.6,224.093,3770800.0,554.0,310.0,9.1,61957.0,66.0,2153.132371
231,2011-05-01,205957.0,131720.0,131720,10612.0,224.80599999999998,3773750.0,561.0,305.0,9.0,63863.0,61.7,2121.871967
232,2011-06-01,201861.0,131955.0,131955,10636.8,224.80599999999998,3741750.0,608.0,301.0,9.1,63492.0,57.6,2074.64381
233,2011-07-01,207547.0,132016.0,132016,10677.5,225.395,3721600.0,623.0,296.0,9.0,64870.0,59.2,2150.056187
234,2011-08-01,215526.0,132138.0,132138,10700.6,226.106,3716000.0,585.0,299.0,9.0,64663.0,45.2,1869.40772
235,2011-09-01,207678.0,132374.0,132374,10738.1,226.597,3742750.0,650.0,304.0,9.0,65559.0,46.4,1790.949487
236,2011-10-01,208606.0,132578.0,132578,10753.1,226.75,3701600.0,610.0,316.0,8.8,67585.0,40.9,1825.544507
237,2011-11-01,217018.0,132710.0,132710,10759.5,227.169,8279500.0,711.0,328.0,8.6,65081.0,96.1,3518.381381
238,2011-12-01,226369.0,132914.0,132914,10772.2,227.22299999999998,10197000.0,694.0,341.0,8.5,68520.0,160.9,5549.153361
239,2012-01-01,224023.0,133269.0,133269,10862.1,227.842,16197500.0,723.0,335.0,8.3,67740.0,222.4,7717.622534
240,2012-02-01,226122.0,133531.0,133531,10953.5,228.329,3381750.0,704.0,366.0,8.3,69729.0,71.6,2003.2314219999998
241,2012-03-01,220455.0,133769.0,133769,10951.8,228.80700000000002,3336800.0,695.0,354.0,8.2,69443.0,69.5,2023.407145
242,2012-04-01,218051.0,133852.0,133852,10979.7,229.187,3323000.0,753.0,354.0,8.2,67904.0,68.7,1995.9195129999998
243,2012-05-01,218474.0,133951.0,133951,10968.6,228.713,3328000.0,708.0,370.0,8.2,69087.0,64.4,1886.350946
244,2012-06-01,218603.0,134023.0,134023,10946.3,228.524,3324400.0,757.0,360.0,8.2,66981.0,62.7,1848.5995059999998
245,2012-07-01,223677.0,134176.0,134176,10977.2,228.59,3305750.0,740.0,369.0,8.2,65108.0,65.4,1826.75
246,2012-08-01,203112.0,134346.0,134346,11004.1,229.918,3306250.0,754.0,375.0,8.1,63671.0,61.3,1918.912281
247,2012-09-01,216283.0,134535.0,134535,11061.5,231.015,3314400.0,847.0,385.0,7.8,63851.0,68.4,1961.288977
248,2012-10-01,217712.0,134693.0,134693,11099.8,231.638,3276250.0,915.0,358.0,7.8,65817.0,72.2,1942.193819
249,2012-11-01,218940.0,134851.0,134851,11136.8,231.24900000000002,6602500.0,833.0,392.0,7.7,66737.0,143.7,3758.6154619999998
250,2012-12-01,229511.0,135088.0,135088,11140.5,231.22099999999998,8472200.0,976.0,399.0,7.9,66397.0,210.4,6567.705010000001
251,2013-01-01,218392.0,135283.0,135283,11202.8,231.679,13723000.0,888.0,446.0,8.0,69666.0,268.8,7359.680004000001
252,2013-02-01,229342.0,135562.0,135562,11239.6,232.937,3058750.0,962.0,447.0,7.7,66186.0,68.0,1979.8547429999999
253,2013-03-01,210493.0,135698.0,135698,11227.1,232.282,3037800.0,1010.0,444.0,7.5,65911.0,61.9,1990.2429989999998
254,2013-04-01,221382.0,135890.0,135890,11205.4,231.797,3041500.0,835.0,441.0,7.6,67245.0,69.0,1938.884083
255,2013-05-01,230679.0,136114.0,136114,11244.6,231.893,3012250.0,930.0,428.0,7.5,69054.0,74.3,1974.4537879999998
256,2013-06-01,240657.0,136295.0,136295,11268.8,232.445,2992800.0,839.0,470.0,7.5,68803.0,82.1,1884.4126170000002
257,2013-07-01,214999.0,136400.0,136400,11296.7,232.9,3020250.0,880.0,375.0,7.3,65978.0,81.0,1871.768268
258,2013-08-01,222323.0,136642.0,136642,11329.2,233.456,2934400.0,917.0,381.0,7.2,65882.0,81.8,1896.961897
259,2013-09-01,230374.0,136831.0,136831,11366.9,233.544,2895750.0,850.0,403.0,7.2,66200.0,80.2,1984.394457
260,2013-10-01,225155.0,137056.0,137056,11419.8,233.669,2928500.0,925.0,444.0,7.2,64322.0,72.4,2029.6752350000002
261,2013-11-01,238012.0,137323.0,137323,11487.6,234.1,5194000.0,1100.0,446.0,6.9,68263.0,144.4,4039.5995450000005
262,2013-12-01,230535.0,137390.0,137390,11517.9,234.71900000000002,9351000.0,1002.0,433.0,6.7,66857.0,221.9,6229.913532
263,2014-01-01,223000.0,137567.0,137567,11512.5,235.28799999999998,12227750.0,888.0,443.0,6.6,67962.0,301.3,8178.133032
264,2014-02-01,230424.0,137735.0,137735,11566.2,235.547,2848750.0,944.0,420.0,6.7,67110.0,78.3,1937.733002
265,2014-03-01,232316.0,137985.0,137985,11643.0,236.028,2779200.0,970.0,405.0,6.7,68192.0,83.9,1952.4295309999998
266,2014-04-01,235841.0,138312.0,138312,11702.6,236.468,2721000.0,1043.0,403.0,6.2,66236.0,81.7,1991.1913559999998
267,2014-05-01,231767.0,138533.0,138533,11748.4,236.918,2667400.0,1007.0,451.0,6.3,65504.0,82.2,1994.1347269999999
268,2014-06-01,235877.0,138857.0,138857,11817.0,237.231,2588750.0,911.0,418.0,6.1,69424.0,86.4,1995.083695
269,2014-07-01,290623.0,139084.0,139084,11860.5,237.498,2533500.0,1085.0,402.0,6.2,67521.0,90.3,2021.952186
270,2014-08-01,237140.0,139272.0,139272,11944.3,237.46,2504800.0,984.0,456.0,6.1,68353.0,93.4,2060.933484
271,2014-09-01,235558.0,139583.0,139583,11957.4,237.477,2447750.0,1023.0,470.0,5.9,69215.0,89.0,2042.7105390000002
272,2014-10-01,231044.0,139841.0,139841,12023.0,237.43,2423250.0,1074.0,476.0,5.7,65372.0,94.1,1942.8028739999997
273,2014-11-01,227599.0,140127.0,140127,12051.4,236.983,4347400.0,1001.0,442.0,5.8,64362.0,185.1,3999.5900149999998
274,2014-12-01,224958.0,140396.0,140396,12062.0,236.252,7814250.0,1073.0,497.0,5.6,65561.0,278.2,5751.059053
275,2015-01-01,228061.0,140609.0,140609,12046.0,234.718,8604400.0,1092.0,518.0,5.7,65854.0,382.0,7672.0519030000005
276,2015-02-01,219271.0,140857.0,140857,12082.4,235.236,2346750.0,888.0,544.0,5.5,64254.0,98.8,1961.00117
277,2015-03-01,228045.0,140934.0,140934,12158.3,236.005,2332000.0,962.0,480.0,5.4,64321.0,101.4,2012.6190960000001
278,2015-04-01,226242.0,141234.0,141234,12193.8,236.15599999999998,2278750.0,1191.0,501.0,5.4,63970.0,95.2,2107.268161
279,2015-05-01,217850.0,141553.0,141553,12268.1,236.97400000000002,2259000.0,1081.0,500.0,5.6,62649.0,95.4,2114.898899
280,2015-06-01,229480.0,141723.0,141723,12308.3,237.68400000000003,2274250.0,1199.0,480.0,5.3,63225.0,101.4,2063.685907
281,2015-07-01,228826.0,142016.0,142016,12355.4,238.053,2243250.0,1138.0,499.0,5.2,63979.0,90.9,2058.03435
282,2015-08-01,225666.0,142138.0,142138,12394.0,238.028,2253600.0,1132.0,521.0,5.1,63465.0,101.5,1954.0209550000002
283,2015-09-01,220050.0,142271.0,142271,12392.8,237.50599999999997,2239000.0,1215.0,458.0,5.0,63285.0,103.0,1939.582501
284,2015-10-01,226171.0,142610.0,142610,12416.1,237.78099999999998,2206200.0,1062.0,481.0,5.0,63011.0,97.6,2020.5671559999998
285,2015-11-01,224077.0,142845.0,142845,12450.1,238.016,4965000.0,1169.0,505.0,5.1,62254.0,188.0,4027.3480979999995
286,2015-12-01,221066.0,143125.0,143125,12469.1,237.817,7171250.0,1157.0,545.0,5.0,59922.0,284.5,5998.876674
287,2016-01-01,226398.0,143215.0,143215,12482.2,237.833,7945200.0,1114.0,514.0,4.9,61849.0,382.6,8193.471509
288,2016-02-01,217882.0,143447.0,143447,12550.1,237.46900000000002,2196750.0,1208.0,518.0,4.9,60788.0,92.2,1900.6099989999998
289,2016-03-01,216926.0,143681.0,143681,12547.2,238.03799999999998,2174500.0,1115.0,526.0,5.0,60517.0,96.2,1976.502736
290,2016-04-01,225797.0,143892.0,143892,12646.1,238.827,2151600.0,1160.0,564.0,5.0,60503.0,94.2,1996.1704960000002
291,2016-05-01,220851.0,143907.0,143907,12698.4,239.46400000000003,2173750.0,1131.0,556.0,4.8,59218.0,92.6,1966.6755190000001
292,2016-06-01,208990.0,144189.0,144189,12775.1,240.167,2158000.0,1191.0,563.0,4.9,59724.0,98.0,1977.029512
293,2016-07-01,216738.0,144525.0,144525,12790.1,240.15,2140800.0,1232.0,631.0,4.8,60456.0,97.3,2002.482846
294,2016-08-01,220654.0,144660.0,144660,12841.8,240.602,2145750.0,1159.0,586.0,4.9,61821.0,101.1,2036.656366
295,2016-09-01,219736.0,144930.0,144930,12903.5,241.051,2107750.0,1063.0,569.0,5.0,60102.0,104.1,2042.555266
296,2016-10-01,231303.0,145058.0,145058,12944.5,241.69099999999997,2071800.0,1325.0,580.0,4.9,60055.0,98.6,2036.0325129999999
297,2016-11-01,219574.0,145228.0,145228,12980.5,242.02900000000002,4634250.0,1150.0,571.0,4.7,60578.0,205.7,3832.685014
298,2016-12-01,224108.0,145443.0,145443,13043.2,242.77200000000002,5768000.0,1287.0,560.0,4.7,60470.0,319.4,6036.860479
299,2017-01-01,223049.0,145695.0,145695,13098.6,243.78,9248750.0,1221.0,591.0,4.7,62355.0,431.2,8400.452014
300,2017-02-01,222023.0,145836.0,145836,13084.3,243.96099999999998,2029250.0,1292.0,603.0,4.7,62687.0,114.8,2082.7949949999997
